{
    "1":{"month":"1","name":"Blitzkrieg!: World War Two in 20 Minutes","premier":"Premiera","year":"2021"},
    "2":{"month":"3","name":"Park sawanna", "premier":"Dodruk","year":"2022"},
    "3":{"month":"5","name":"Aeon's End: The New Age", "premier":"Premiera","year":"2021"},
    "4":{"month":"6","name":"Golem", "premier":"Dodruk","year":"2021"},
    "5":{"month":"9","name":"Suburbia", "premier":"Premiera","year":"2022"},
    "6":{"month":"12","name":"Suburbia Inc", "premier":"Premiera","year":"2021"},
    "7":{"month":"11","name":"Ark Nova", "premier":"Dodruk","year":"2022"},
    "8":{"month":"2","name":"DUOS", "premier":"Dodruk","year":"2021"},
    "9":{"month":"5","name":"Oltree", "premier":"Premiera","year":"2022"},
    "10":{"month":"4","name":"Ratcatcher", "premier":"Premiera","year":"2021"},
    "11":{"month":"10","name":"Rollo", "premier":"Dodruk","year":"2022"},
    "12":{"month":"3","name":"The LOOP","premier":"Premiera","year":"2022"},
    "13":{"month":"4","name":"Icaion","premier":"Dodruk","year":"2021"},
    "14":{"month":"9","name":"IQ Love","premier":"Dodruk","year":"2022"},
    "15":{"month":"1","name":"Agropolis","premier":"Premiera","year":"2021"},
    "16":{"month":"5","name":"Mythwind","premier":"Premiera","year":"2022"},
    "17":{"month":"6","name":"ISS Vanguard","premier":"Dodruk","ryeark":"2021"},
    "18":{"month":"8","name":"Alone","premier":"Premiera","year":"2022"},
    "19":{"month":"9","name":"Paryż: Miasto Świateł - Eiffel","premier":"Dodruk","year":"2022"},
    "20":{"month":"3","name":"Miasta Luny","premier":"Premiera","year":"2021"},
    "21":{"month":"2","name":"Kur-Nu-Gi","premier":"Dodruk","year":"2021"},
    "22":{"month":"4","name":"Zatoka Kupców: Oberżysta","premier":"Premiera","year":"2021"},
    "23":{"month":"5","name":"Dungeon Fighter – Second Edition","premier":"Premiera","year":"2021"},
    "24":{"month":"7","name":"Sogni per Bambine Ribelli","premier":"Dodruk","year":"2022"},
    "25":{"month":"1","name":"Szabla i Krew","premier":"Premiera","ryearok":"2022"},
    "26":{"month":"8","name":"Skulls of Sedlec","premier":"Dodruk","year":"2021"},
    "27":{"month":"4","name":"Merchants of the Dark Road","premier":"Premiera","year":"2022"},
    "28":{"month":"10","name":"Aeon's End: The New Age","premier":"Dodruk","year":"2021"},
    "29":{"month":"12","name":"Wieczna zima: Mamut","premier":"Dodruk","year":"2021"},
    "30":{"month":"11","name":"Sword & Sorcery: Hero pack - SKELD","premier":"Premiera","year":"2022"}

}